algorithm,dataset,minPS,period,num_patterns,execution_time,memory_uss,memory_rss
3P-ECLAT,Transactional_retail.csv,0.0015,0.001,1200,15.25210189819336,138.71875,169.6953125
3P-ECLAT Pruning,Transactional_retail.csv,0.0015,0.001,1200,24.942121744155884,164.46875,164.46875
3P-ECLAT,Transactional_retail.csv,0.0015,0.005,1262,16.801255702972412,150.94140625,182.0390625
3P-ECLAT Pruning,Transactional_retail.csv,0.0015,0.005,1262,27.09848117828369,169.3671875,169.3671875
3P-ECLAT,Transactional_retail.csv,0.0015,0.007,1277,17.62708854675293,151.40625,182.51953125
3P-ECLAT Pruning,Transactional_retail.csv,0.0015,0.007,1277,27.576066732406616,170.04296875,170.04296875
3P-ECLAT,Transactional_retail.csv,0.0015,0.01,1295,16.729907989501953,151.9453125,183.09375
3P-ECLAT Pruning,Transactional_retail.csv,0.0015,0.01,1295,26.524417877197266,170.6015625,170.6015625
3P-ECLAT,Transactional_retail.csv,0.0015,0.05,1312,16.71941304206848,151.90234375,183.0546875
3P-ECLAT Pruning,Transactional_retail.csv,0.0015,0.05,1312,26.719921350479126,174.875,174.875
3P-ECLAT,Transactional_retail.csv,0.0015,0.07,1313,16.88468289375305,145.55078125,176.70703125
3P-ECLAT Pruning,Transactional_retail.csv,0.0015,0.07,1313,27.025139093399048,174.03125,174.03125
