algorithm,dataset,minPS,period,num_patterns,execution_time,memory_uss,memory_rss
3P-ECLAT,Transactional_connect.csv,0.001,0.01,122,6.1771461963653564,267.12109375,296.7265625
3P-ECLAT Pruning,Transactional_connect.csv,0.001,0.01,122,2.9436254501342773,273.73828125,273.73828125
3P-ECLAT,Transactional_connect.csv,0.005,0.01,112,5.719719648361206,270.3984375,300.4375
3P-ECLAT Pruning,Transactional_connect.csv,0.005,0.01,112,3.124035358428955,274.8515625,274.8515625
3P-ECLAT,Transactional_connect.csv,0.007,0.01,107,5.644342422485352,271.22265625,301.30078125
3P-ECLAT Pruning,Transactional_connect.csv,0.007,0.01,107,3.4802167415618896,277.75390625,277.75390625
3P-ECLAT,Transactional_connect.csv,0.01,0.01,106,6.118373155593872,273.7734375,303.890625
3P-ECLAT Pruning,Transactional_connect.csv,0.01,0.01,106,2.894566774368286,278.64453125,278.64453125
3P-ECLAT,Transactional_connect.csv,0.05,0.01,83,5.173017263412476,272.09375,302.2109375
3P-ECLAT Pruning,Transactional_connect.csv,0.05,0.01,83,2.841099977493286,277.55078125,277.55078125
3P-ECLAT,Transactional_connect.csv,0.07,0.01,78,5.32432746887207,273.24609375,303.36328125
3P-ECLAT Pruning,Transactional_connect.csv,0.07,0.01,78,2.94150447845459,279.0546875,279.0546875
