algorithm,dataset,minPS,period,num_patterns,execution_time,memory_uss,memory_rss
3P-ECLAT,Transactional_retail.csv,0.001,0.0045,1991,31.620307683944702,138.65625,169.6484375
3P-ECLAT Pruning,Transactional_retail.csv,0.001,0.0045,1991,63.57825803756714,167.01171875,167.01171875
3P-ECLAT,Transactional_retail.csv,0.005,0.0045,198,3.087181806564331,151.02734375,182.15625
3P-ECLAT Pruning,Transactional_retail.csv,0.005,0.0045,198,2.9483768939971924,169.13671875,169.13671875
3P-ECLAT,Transactional_retail.csv,0.007,0.0045,112,2.1081385612487793,151.69140625,182.84765625
3P-ECLAT Pruning,Transactional_retail.csv,0.007,0.0045,112,2.064878463745117,169.5,169.5
3P-ECLAT,Transactional_retail.csv,0.01,0.0045,60,1.921227216720581,152.21875,183.3828125
3P-ECLAT Pruning,Transactional_retail.csv,0.01,0.0045,60,1.9214308261871338,170.1796875,170.1796875
3P-ECLAT,Transactional_retail.csv,0.05,0.0045,4,1.8452553749084473,152.01171875,183.1796875
3P-ECLAT Pruning,Transactional_retail.csv,0.05,0.0045,4,1.6974258422851562,173.921875,173.921875
3P-ECLAT,Transactional_retail.csv,0.07,0.0045,4,1.8921124935150146,145.18359375,176.35546875
3P-ECLAT Pruning,Transactional_retail.csv,0.07,0.0045,4,1.6910054683685303,173.84765625,173.84765625
