algorithm,dataset,minPS,period,num_patterns,execution_time,memory_uss,memory_rss
3P-ECLAT,Transactional_connect.csv,0.0002,0.001,126,6.121940851211548,264.9296875,294.54296875
3P-ECLAT Pruning,Transactional_connect.csv,0.0002,0.001,126,3.497518301010132,274.375,274.375
3P-ECLAT,Transactional_connect.csv,0.0002,0.005,126,6.289978265762329,270.12109375,300.18359375
3P-ECLAT Pruning,Transactional_connect.csv,0.0002,0.005,126,3.3867454528808594,275.48828125,275.48828125
3P-ECLAT,Transactional_connect.csv,0.0002,0.007,126,6.34263801574707,270.3359375,300.40234375
3P-ECLAT Pruning,Transactional_connect.csv,0.0002,0.007,126,3.051401138305664,277.91796875,277.91796875
3P-ECLAT,Transactional_connect.csv,0.0002,0.01,126,6.171145677566528,273.37890625,303.47265625
3P-ECLAT Pruning,Transactional_connect.csv,0.0002,0.01,126,2.966773509979248,277.05078125,277.05078125
3P-ECLAT,Transactional_connect.csv,0.0002,0.05,126,5.9840967655181885,274.3125,304.40625
3P-ECLAT Pruning,Transactional_connect.csv,0.0002,0.05,126,2.9505648612976074,277.4140625,277.4140625
3P-ECLAT,Transactional_connect.csv,0.0002,0.07,126,6.023846864700317,276.3984375,306.50390625
3P-ECLAT Pruning,Transactional_connect.csv,0.0002,0.07,126,3.083204984664917,277.6484375,277.6484375
